{
  "xgb_test": {
    "accuracy": 0.5471548581391663,
    "balanced_accuracy": 0.5468318908214895,
    "macro_f1": 0.5468335251737029,
    "weighted_f1": 0.5471452946580513,
    "log_loss": 0.6868658797258225,
    "precision_per_class": [
      0.5352020860495437,
      0.5584696081456341
    ],
    "recall_per_class": [
      0.5343312723722746,
      0.5593325092707045
    ],
    "f1_per_class": [
      0.5347663247028172,
      0.5589007256445886
    ],
    "confusion_matrix": [
      [
        1642,
        1431
      ],
      [
        1426,
        1810
      ]
    ]
  },
  "lgb_test": {
    "accuracy": 0.543826279917578,
    "balanced_accuracy": 0.5437592541120336,
    "macro_f1": 0.5436998912557697,
    "weighted_f1": 0.5438960946069579,
    "log_loss": 0.6867573950725339,
    "precision_per_class": [
      0.5311402107952731,
      0.5563247325361863
    ],
    "recall_per_class": [
      0.5411649853563293,
      0.546353522867738
    ],
    "f1_per_class": [
      0.5361057382333978,
      0.5512940442781415
    ],
    "confusion_matrix": [
      [
        1663,
        1410
      ],
      [
        1468,
        1768
      ]
    ]
  },
  "train_size": 93769,
  "val_size": 8054,
  "test_size": 6309,
  "trained_at": "2026-01-19T11:46:26.356656",
  "target": "btts"
}