{
  "xgb_test": {
    "accuracy": 0.5683943572673957,
    "balanced_accuracy": 0.5683602948689347,
    "macro_f1": 0.5680025546565413,
    "weighted_f1": 0.568676867571012,
    "log_loss": 0.6769389733370488,
    "precision_per_class": [
      0.5428388746803069,
      0.5935240490411821
    ],
    "recall_per_class": [
      0.567703109327984,
      0.5690174804098854
    ],
    "f1_per_class": [
      0.5549926458571662,
      0.5810124634559163
    ],
    "confusion_matrix": [
      [
        1698,
        1293
      ],
      [
        1430,
        1888
      ]
    ]
  },
  "lgb_test": {
    "accuracy": 0.5742589950863846,
    "balanced_accuracy": 0.5742324925348681,
    "macro_f1": 0.5738684336258707,
    "weighted_f1": 0.5745370912048656,
    "log_loss": 0.6775784625888752,
    "precision_per_class": [
      0.5487687879756955,
      0.5993086109365179
    ],
    "recall_per_class": [
      0.5737211634904714,
      0.5747438215792646
    ],
    "f1_per_class": [
      0.5609676364825106,
      0.5867692307692308
    ],
    "confusion_matrix": [
      [
        1716,
        1275
      ],
      [
        1411,
        1907
      ]
    ]
  },
  "train_size": 93769,
  "val_size": 8054,
  "test_size": 6309,
  "trained_at": "2026-01-19T11:46:18.845416",
  "target": "over25"
}