{
  "xgb_test": {
    "accuracy": 0.46568394357267395,
    "balanced_accuracy": 0.44679287644833177,
    "macro_f1": 0.44713186566278607,
    "weighted_f1": 0.47210773931703803,
    "log_loss": 1.0332006685753585,
    "precision_per_class": [
      0.48600883652430044,
      0.27188183807439825,
      0.5936988543371522
    ],
    "recall_per_class": [
      0.4864864864864865,
      0.32740447957839264,
      0.5264876632801161
    ],
    "f1_per_class": [
      0.4862475442043222,
      0.29707112970711297,
      0.558076923076923
    ],
    "confusion_matrix": [
      [
        990,
        565,
        480
      ],
      [
        508,
        497,
        513
      ],
      [
        539,
        766,
        1451
      ]
    ]
  },
  "lgb_test": {
    "accuracy": 0.5095894753526707,
    "balanced_accuracy": 0.43079251856938483,
    "macro_f1": 0.3746112344402124,
    "weighted_f1": 0.43442453867246356,
    "log_loss": 1.0054318689296455,
    "precision_per_class": [
      0.48811330298431965,
      0.3,
      0.5204081632653061
    ],
    "recall_per_class": [
      0.4742014742014742,
      0.003952569169960474,
      0.8142235123367199
    ],
    "f1_per_class": [
      0.4810568295114656,
      0.007802340702210663,
      0.634974533106961
    ],
    "confusion_matrix": [
      [
        965,
        8,
        1062
      ],
      [
        506,
        6,
        1006
      ],
      [
        506,
        6,
        2244
      ]
    ]
  },
  "train_size": 93769,
  "val_size": 8054,
  "test_size": 6309,
  "trained_at": "2026-01-19T11:46:10.793931",
  "target": "result"
}